1640969308.829345,1640969308.829347
1640972908.841371
1640976508.856378
1640983708.912729
1640994508.923365
1641010708.990034
1641012508.997048
1641016109.031062,1641016109.031063
1641032686.719745
1641043486.743309
1641057886.808949
1641061486.837367,1641061486.837367
1641072239.136877
1641077639.156881
1641086639.177424,1641086639.177424
1641120839.367604
1641124439.384769
1641146039.471310,1641146039.474429
1641182039.671795,1641182039.671796
1641207239.812773
1641241978.291049
