-257,40,97,-474,-40,40,-97,193,-40,193,-40,193,-40,305,-40,-129,40
-257,40,193,-40,305,-40,-129,40
-257,40,177,-40,257,-40,-129,40
-257,40,193,-40,209,-40,-129,40
-257,40,193,-40,209,-40,-129,40
-257,40,177,-40,209,-40,-129,40
-257,40,193,-40,209,-40,-129,40
-257,40,193,-40,209,-40,-129,40
-257,40,193,-40,209,-40,-129,40
97,-97,40,-257,40,177,-40,257,-40,-129,40
-257,40,193,-40
-257,40,193,-40,209,-40,-129,40
-257,40,-474,193,-40,40,305,-40,-129,40,177,-40,193,-40,209,-40,-129,40
-257,40,-474,40,193,-40,209,-40,-129,40,193,-40,193,-40,209,-40,-129,40
-257,40,-474,193,-40,209,-40,-129,40,193,-40,193,-40,209,-40,-129,40
-257,40,-474,40,193,-40,209,-40,-129,40,193,-40,193,-40,209,-40,-129,40
-257,40,-474,40,193,-40,193,-40,209,-40,-129,40,193,-40,209,-40,-129,40
-257,40,-474,40,193,-40,193,-40,209,-40,-129,193,-40,209,-40,-129,40
-257,40,-474,40,-257,193,-474,40,193,-40,193,-40,209,-40,-129,40,193,-40,193,-40,257,-40,-129,193,-40,209,-40,-129,40
-257,40,-474,193,-40,209,-40,-129,40,193,-40,177,-40,209,-40,-129,40
97,-97,40,-257,40,-474,40,193,-40,193,-40,193,-40,209,-40,-129,40
-257,40,-474,193,-40,193,-40,209,-40,-129,193,-40,209,-40,-129,40
97,-97,40,-691,40,193,-40,177,-40,209,-40,-129,40,193,-40,209,-40,-129,40
-257,40,193,-40
-257,40,193,-40,209,-40,-129,40
-257,40,193,-40,209,-40,-129,40,209,-129,40
-257,40,193,-40,209,-40,-129,40
-257,40,193,-40,209,-40,-129,40
97,-97,40,-257,40,193,-40
-257,40,193,-40,209,-40,-129,40
-257,40,193,-40,209,-40,-129,40
161,-433,40,-257,40,193,-40,209,-40,-129,40
-257,40,193,-40,209,-40,-129,40
-257,40,193,-40,209,-40,-129,40
-257,40,193,-40,209,-40,-129,40
-257,40,193,-40,209,-40,-129,40
-257,40,193,-40,209,-40,-129,40
-257,40,177,-40,209,-40,-129,40
-257,40,193,-40
-257,40,193,-40,209,-40,-129,40
-257,40,193,-40,209,-40,-129,40
-257,-257,40,193,-40,209,-40,-129,40
-257,40,193,-40,257,-40,-129,40
-257,40,193,-40
-257,40,193,-40,209,-40,-129,40
-257,40,193,-40,209,-40,-129,40
209,-129,40,-257,40,193,-40,209,-40,-129,40
-257,40,193,-40,209,-40,-129,40
-257,40,193,-40,97,-40,-97,40,209,-129,40
-257,40,193,-40
-257,40,193,-40
-257,40,193,-40,209,-40,-129,40
-257,40,193,-40,209,-40,-129,40
-257,40,193,-40,209,-40,-129,40
-257,-257,40,193,-40,209,-40,-129,40
-257,40,193,-40,209,-40,-129,40
-257,40,193,-40,209,-40,-129,40
-257,40,177,-40,209,-40,-129,40
-257,40,193,-40,209,-40,-129,40
-257,40,193,-40,257,-40,-129,40
-257,40,193,-40,209,-40,-129,40
-257,40,193,-40,209,-40,-129,40
-257,40,193,-40,209,-40,-129,40
-257,40,177,-40,209,-40,-129,40
209,-129,40,-257,40,193,-40,209,-40,-129,40
-257,40,193,-40,209,-40,-129,40
-257,40,193,-40,209,-40,-129,40,209,-129,40
-257,193,-40,209,-40,-129,40
-257,40,193,-40,209,-40,-129,40
-257,40,193,-40,209,-40,-129,40,209,-129,40,209,-129,40
-257,40,193,-40,209,-40,-129,40
-257,40,193,-40,209,-40,-129,40
-257,40,193,-40
-257,40,193,-40,97,-40,-97,209,-40,-129,40
-257,40,193,-40
-257,40,193,-40,209,-40,-129,40
-257,40,193,-40,209,-40,-129,40
-257,40,193,-40,209,-40,-129,40
-257,40,193,-40,209,-40,-129,40
-257,-257,40,193,-40,209,-40,-129,40
-257,40,193,-40,209,-40,-129,40
209,-129,40,-257,40,193,-40,209,-40,-129,40
-257,40,193,-40,209,-40,-129,40
-257,40,193,-40,209,-40,-129,40
-257,40,193,-40,209,-40,-129,40
-257,40,193,-40
-257,-257,40,40,193,-40
-257,40,193,-40,209,-40,-129,40
-257,40,193,-40,209,-40,-129,40
-257,40,193,-40,209,-40,-129,40
-257,-257,40,40,193,-40,209,-40,-129,40
-257,40,193,-40,209,-40,-129,40
-257,40,193,-40,209,-40,-129,40
-257,40,193,-40,209,-40,-129,40
-257,40,193,-40,209,-40,-129,40
-257,40,337,-129,193,-40,209,-40,-129,40,209,-40,-129,40
209,-129,40,209,-129,40,-257,40,193,-40,209,-40,-129,40
-257,40,177,-40
97,-97,40,-257,40,177,-40,209,-40,-129,40
-257,40,193,-40,209,-40,-129,40
-257,40,193,-40,209,-40,-129,40
-257,40,193,-40,257,-40,-129,40
-257,-257,40,40,193,-40,209,-40,-129,40
-257,40,193,-40,209,-40,-129,40
-257,40,193,-40
-257,40,193,-40,209,-40,-129,40
209,-129,40,-257,40,193,-40,209,-40,-129,40,209,-129,40
-257,40,177,-40,209,-40,-129,40
-257,40,177,-40,209,-40,-129,40
-257,40,209,-129,193,-40,209,-40,-129,40
-257,40,193,-40,209,-40,-129,40
-257,40,193,-40,209,-40,-129,40
-257,40,193,-40
-257,40,193,-40
-257,40,193,-40
-257,40,193,-40,257,-40,-129,40
-257,40,193,-40,209,-40,-129,40
-257,40,193,-40,209,-40,-129,40
-257,40,193,-40,209,-40,-129,40,113,-113,40
-257,40,193,-40,209,-40,-129,40
-257,40,193,-40,257,-40,-129,40
-257,40,193,-40,209,-40,-129,40
-257,40,193,-40,209,-40,-129,40
-257,40,193,-40,209,-40,-129,40
97,-97,40,-257,40,193,-40,209,-40,-129,40
-257,40,193,-40,209,-40,-129,40
209,-129,40,-257,40,193,-40,209,-40,-129,40,161,-433,40
-257,40,193,-40,209,-40,-129,40
209,-129,40,-257,40,193,-40,209,-40,-129,40
-257,40,193,-40,209,-40,-129,40
-257,40,177,-40
-257,161,-433,193,-40,209,-40,-129,40
-257,40,193,-40,209,-40,-129,40
-257,40,193,-40
-257,40,193,-40
-257,40,193,-40,209,-40,-129,40
-257,40,193,-40,209,-40,-129,40
-257,40,177,-40,209,-40,-129,40,561,-129,401,-129,40,385,-129,177,-129,40,209,-129,40
209,-129,40,-257,40,193,-40,209,-40,-129,40
-257,40,193,-40,209,-40,-129,40
-257,40,177,-40
-257,40,193,-40,209,-40,-129,40
-257,40,193,-40,209,-40,-129,40
-257,40,193,-40,209,-40,-129,40
-257,40,193,-40,209,-40,-129,40
-257,40,193,-40,209,-40,-129,40
-257,40,193,-40,209,-40,-129,-129,40
-257,40,193,-40,209,-40,-129,40
-257,40,97,-97,193,-40,209,-40,-129,-129,40
-257,40,209,193,-129,-40,40,209,-40,-129,-129,40
-257,40,193,-40,209,-40,-129,40
-257,40,193,-40,209,-40,-129,40
-257,40,193,-40,209,-40,-129,40
-257,40,193,-40,209,-40,-129,40
-257,40,193,-40,209,-40,-129,40
-257,40,193,-40
-257,40,193,-40,209,-40,-129,40
-257,40,193,-40,209,-40,-129,40
-257,40,193,-40,257,-40,-129,40
-257,40,193,-40,209,-40,-129,40
-257,40,193,-40,209,-40,-129,40
209,-129,40,-257,40,193,-40,209,-40,-129,40
-257,40,193,-40,209,-40,-129,40
-257,40,177,-40,209,-40,-129,40
-257,40,193,-40,257,-40,-129,40
-257,40,193,-40,209,-40,-129,40
-257,40,177,-40
-257,40,193,-40,209,-40,-129,40
-257,40,193,-40,209,-40,-129,40
-257,40,193,-40
209,-129,40,-257,40,193,-40
-257,193,-40,209,-40,-129,40
-257,40,193,-40,209,-40,-129,40
-257,40,193,-40,209,-40,-129,40
-257,40,193,-40
-257,40,177,-40,209,-40,-129,40
-257,40,193,-40,97,-40,-97,40,209,-129,40
-257,40,-257,40,193,-40,209,-40,-129,40
-257,40,193,-40,209,-40,-129,40
-257,40,193,-40
209,-129,40,-257,40,193,-40
209,-129,40,-257,40,193,-40
-257,40,193,-40,209,-40,-129,40
-257,40,193,-40
-257,40,193,-40
-257,40,193,-40,209,-40,-129,40
-257,40,177,-40,209,-40,-129,-129,40,209,-129,40
-257,40,193,-40,209,-40,-129,40
-257,40,193,-40,209,-40,-129,40
-257,40,193,-40,209,-40,-129,40
-257,-257,40,40,193,-40,209,-40,-129,40
-257,193,-40,209,-40,-129,40
-257,40,193,-40,209,-40,-129,40
-257,40,193,-40,209,-40,-129,40
-257,40,193,-40,209,-40,-129,40
-257,40,193,-40,209,-40,-129,-129,40,40
-257,40,193,-40
-257,40,193,-40,209,-40,-129,40
-257,40,193,-40,209,-40,-129,40
-257,40,193,-40,209,-40,-129,40
-257,40,193,-40,97,-40,-97,40,209,-129,40
-257,-257,40,40,193,-40,209,-40,-129,40
209,-129,40,-257,40,193,-40,209,-40,-129,40
-257,40,209,-129,193,-40,209,-40,-129,40
-257,40,193,-40,209,-40,-129,-129,40
-257,40,193,-40
97,-97,40,-257,40,193,-40,257,-40,-129,40
-257,40,193,-40,209,-40,-129,40,209,-129,40
-257,40,193,-40,209,-40,-129,40
-257,40,177,-40,209,-40,-129,40
-257,40,193,-40,209,-40,-129,40
-257,40,193,-40,209,-40,-129,40
-257,-257,40,40,193,-40
-257,40,193,-40,209,-40,-129,40
-257,40,193,-40,209,-40,-129,40
-257,-257,40,193,-40,209,-40,-129,40
-257,40,193,-40,209,-40,-129,40
-257,40,193,-40,257,-40,-129,40
-257,40,193,-40,257,-40,-129,40
-257,209,-129,40,193,-40,257,-40,-129,40
337,-129,40,-257,40,193,-40,209,-40,-129,40
-257,40,193,-40,209,-40,-129,40
-257,40,193,-40
-257,40,193,-40,209,-40,-129,40
-257,40,193,-40,209,-40,-129,40
-257,40,193,-40,209,-40,-129,40
-257,40,193,-40,209,-40,-129,40
-257,40,193,-40
-257,40,193,-40,97,-40,-97,40,209,-129,40
-257,40,193,-40,209,-40,-129,40,209,-129,40
-257,40,97,-97,193,-40,209,-40,-129,40
-257,40,193,-40,257,-40,-129,40
-257,40,177,-40,209,-40,-129,40
-257,40,193,-40
-257,40,193,-40,209,-40,-129,40
-257,40,177,-40,209,-40,-129,40
-257,40,193,-40
-257,40,193,-40,209,-40,-129,40
-257,40,193,-40,209,-40,-129,40,209,-40,-129,40
-257,40,193,-40,209,-40,-129,40
-257,40,193,-40,209,-40,-129,40
-257,193,-40,209,-40,-129,40
-257,40,193,-40,209,-40,-129,40
-257,40,193,-40,209,-40,-129,40
-257,40,193,-40,209,-40,-129,40
-257,40,193,-40
-257,40,193,-40
-257,40,193,-40,209,-40,-129,40
-257,40,193,-40,209,-40,-129,40
-257,40,193,-40
-257,40,193,-40,209,-40,-129,40
-257,40,193,-40
-257,40,193,-40,209,-40,-129,40
-257,40,193,-40,209,-40,-129,40
-257,40,177,-40,209,-40,-129,40,209,-129,40
-257,40,193,-40,209,-40,-129,40
-257,40,193,-40
97,-97,40,-257,40,193,-40,161,-40,-433,40,209,-129,40
-257,40,209,-129,40,193,-40,209,-40,-129,40
-257,40,193,-40,209,-40,-129,40,209,-129,40
-257,40,193,-40,209,-40,-129,40
-257,40,193,-40,209,-40,-129,40
161,-433,40,-257,40,193,-40
-257,40,193,-40
-257,40,177,-40,209,-40,-129,40
-257,40,193,-40,209,-40,-129,40
97,-97,40,-257,40,193,-40,209,-40,-129,40
225,-129,40,-257,209,-129,40,193,-40,209,-40,-129,40
-257,40,193,-40,209,-40,-129,40
-257,40,193,-40,209,-40,-129,40
-257,40,193,-40,209,-40,-129,40
97,-97,40,-257,40,193,-40,209,-40,-129,40
-257,40,193,-40,257,-40,-129,40
561,-129,401,-129,385,40,-129,40,177,-129,40,-257,40,193,-40
-257,40,193,-40
-257,40,193,-40,209,-40,-129,40
-257,40,193,-40,209,-40,-129,40
-257,40,193,-40
-257,40,193,-40
-257,40,193,-40
-257,40,193,-40,209,-40,-129,40
-257,-257,-257
-257,40,-257,40,193,-40,209,-40,-129,40
-257,40,177,-40,209,-40,-129,40
-257,40,193,-40,209,-40,-129,40
97,-97,40,209,-129,40,-257,40,193,-40,209,-40,-129,40
-257,-257,40,193,-40,209,-40,-129,40
-257,40,177,-40,97,-40,-97,40,209,-129,40
-257,40,193,-40,209,-40,-129,40
-257,40,193,-40,209,-40,-129,40
97,-97,40,-257,40,193,-40,257,-40,-129,40
-257,40,193,-40,97,-40,-97,40,209,-129,40
209,-129,40,-257,40,193,-40
-257,40,193,-40,257,-40,-129,40
97,-97,40,-257,40,193,-40
-257,40,193,-40,209,-40,-129,40
-257,40,193,-40,209,-40,-129,40
-257,40,193,-40,209,-40,-129,40
209,-40,-129,40,-257,40,193,-40,209,-40,-129,40
-257,40,193,-40,209,-40,-129,40
-257,40,193,-40,209,-40,-129,40
-257,40,193,-40,209,-40,-129,40
-257,40,193,-40
209,-129,40,-257,40,177,-40
-257,40,193,-40,209,-40,-129,40
-257,40,193,-40,209,-40,-129,40
-257,40,193,-40,209,-40,-129,40
-257,40,193,-40,209,-40,-129,40
-257,40,193,-40,209,-40,-129,40
-257,40,193,-40,209,-40,-129,40
-257,40,193,-40,209,-40,-129,40
97,-97,40,209,-129,40,-257,40,193,-40,209,-40,-129,40
-257,40,193,-40,257,-40,-129,40
-257,40,193,-40,209,-40,-129,40
-257,40,193,-40,209,-40,-129,40
-257,40,193,-40,209,-40,-129,40
-257,40,177,-40,209,-40,-129,40
-257,40,193,-40,257,-40,-129,40
-257,40,193,-40
-257,40,193,-40,209,-40,-129,40
-257,40,193,-40
-257,40,97,-97,177,-40,209,-40,-129,40
-257,40,193,-40,209,-40,-129,40
209,-129,40,-257,40,193,-40,209,-40,-129,40,209,-129,40
-257,40,193,-40,209,-40,-129,40
-257,40,193,-40,209,-40,-129,40
-257,40,193,-40,257,-40,-129,40
-257,40,193,-40,209,-40,-129,40
-257,40,193,-40,209,-40,-129,40
-257,40,193,-40,209,-40,-129,40
209,-129,40,-257,40,193,-40,257,-40,-129,40
-257,40,193,-40,209,-40,-129,40
97,-97,40,-257,40,193,-40,209,-40,-129,40
-257,40,193,-40
-257,40,177,-40
-257,40,193,-40
-257,40,193,-40
97,-97,40,-257,40,193,-40
209,-129,40,-257,40,193,-40,209,-40,-129,40
-257,40,193,97,-40,-97,40,209,-129,40
-257,40,193,-40,209,-40,-129,40
-257,40,193,-40,209,-40,-129,40
-257,40,193,-40,209,-40,-129,40
-257,40,193,-40,257,-40,-129,40
-257,40,193,-40,209,-40,-129,40
-257,40,193,-40
-257,40,193,-40
-257,40,193,-40,209,-40,-129,40
-257,40,193,-40
-257,40,177,-40
-257,40,193,-40,209,-40,-129,40
-257,-257,40,193,-40,209,-40,-129,40
97,-97,40,-257,40,193,-40,209,-40,-129,40
97,-97,40,-257,40,193,-40,209,-40,-129,40
-257,-257,40,193,40,-40,209,-40,-129,40
-257,40,193,-40,209,-40,-129,40
-257,40,193,-40,209,-40,-129,40
-257,40,193,-40,209,-40,-129,40
-257,40,193,-40,209,-40,-129,40
-257,40,97,-97,40,193,-40,209,-40,-129,40
-257,40,193,-40,257,-40,-129,40
-257,40,193,-40,209,-40,-129,40
-257,40,193,-40,209,-40,-129,40
-257,40,193,-40,209,-40,-129,40
-257,40,193,-40,209,-40,-129,40
-257,40,193,-40,209,-40,-129,40
-257,40,193,-40
-257,40,193,-40,209,-40,-129,40
-257,40,193,-40,209,-40,-129,40
209,-129,40,-257,40,193,-40,209,-40,-129,40
209,-129,40,-257,40,193,-40,209,-40,-129,40
-257,40,193,-40,209,-40,-129,40
-257,-257,40,193,-40,209,-40,-129,40
-257,40,193,-40,209,-40,-129,40
-257,40,193,-40
-257,40,193,-40,209,-40,-129,40
-257,40,97,193,-97,40,209,-129,40
209,-129,40,-257,40,193,-40,209,-40,-129,40
-257,40,193,-40,209,-40,-129,40
-257,40,193,-40,209,-40,-129,40
-257,40,193,-40
-257,40,193,-40,209,-40,-129,40
-257,40,193,-40
-257,40,193,-40,257,-40,-129,40
97,-97,40,-257,40,193,-40,209,-40,-129,40
-257,40,193,-40,209,-40,-129,40
-257,40,193,-40,209,-40,-129,40
-257,40,209,-129,193,-40
-257,40,193,-40,209,-40,-129,40
-257,40,193,-40
-257,40,193,-40,209,-40,-129,40
-257,40,193,-40
-257,40,193,-40,97,-40,-97,40,209,-129,40
-257,40,193,-40,209,-40,-129,40
-257,40,193,-40,209,-40,-129,40
-257,40,193,-40,209,-40,-129,40
-257,40,193,-40,209,-40,-129,40
-257,40,193,-40,209,-40,-129,40
-257,40,193,-40,209,-40,-129,40
-257,40,193,-40,209,-40,-129,40
209,-129,40,-257,40,193,-40,209,-40,-129,40
-257,40,193,-40
-257,40,193,-40,209,-40,-129,40
-257,40,193,-40
-257,40,193,-40,209,-40,-129,40
209,-129,40,-257,40,193,-40
-257,40,193,-40,209,-40,-129,40
-257,40,193,-40,209,-40,-129,40
-257,40,193,-40,209,-40,-129,40
209,-40,-129,40,-257,40,193,-40,209,-40,-129,40
-257,40,193,-40,209,-40,-129,40
-257,40,193,-40,209,-40,-129,40
-257,40,193,-40
-257,40,193,-40,209,-40,-129,40
-257,40,193,-40,209,-40,-129,40
-257,40,193,-40,209,-40,-129,40
-257,40,193,-40,209,-40,-129,40
-257,40,193,-40,209,-40,-129,40
-257,40,193,-40
-257,40,193,-40,209,-40,-129,40
-257,40,193,-40
-257,40,193,-40
-257,40,193,-40,209,-40,-129,40
-257,40,193,-40,209,-40,-129,40
209,-129,40,-257,-257,40,193,-40,40,209,-40,-129,40
-257,40,177,-40,209,-40,-129,40
-257,40,161,-433,193,-40,209,-40,-129,40
-257,40,193,-40,209,-40,-129,40
-257,40,193,-40,209,-40,-129,40
-257,40,193,-40,209,-40,-129,40
-257,40,177,-40,209,-40,-129,40
-257,40,193,-40
209,-129,40,-257,40,193,-40
-257,40,193,-40,209,-40,-129,40
97,-97,40,-257,40,193,-40,209,-40,-129,40
-257,40,193,-40,209,-40,-129,40
-257,40,193,-40,209,-40,-129,40
-257,40,177,-40,209,-40,-129,40
-257,209,40,-129,40,193,-40,209,-40,-129,40
-257,40,193,-40
-257,40,193,-40
-257,40,193,-40
-257,40,193,-40,209,-40,-129,40
-257,40,193,-40,209,-40,-129,40
-257,40,193,-40
-257,40,193,-40,209,-40,-129,40
-257,40,193,-40,209,-40,-129,40
-257,40,193,-40,209,-40,-129,40
-257,40,177,-40,209,-40,-129,40
-257,40,193,-40,209,-40,-129,40
-257,40,177,-40,209,-40,-129,40
-257,40,193,-40,209,-40,-129,-129,40
-257,40,193,-40,209,-40,-129,40
-257,40,193,-40,209,-40,-129,40
-257,40,193,-40
257,-129,40,-257,40,177,-40,209,-40,-129,40
-257,40,193,-40,209,-40,-129,40
-257,40,193,-40,209,-40,-129,40,209,-129,40
-257,40,193,97,-40,-97,40,209,-129,40
-257,40,193,-40
-257,40,193,-40,97,-40,-97,40,209,-129,40
-257,40,193,-40,209,-40,-129,40
-257,40,193,-40,209,-40,-129,40
-257,40,193,-40,209,-40,-129,40
-257,40,193,-40,209,-40,-129,40
-257,40,193,-40,209,-40,-129,40
-257,40,177,-40,209,-40,-129,40
-257,40,193,-40
-257,40,177,-40
-257,40,193,-40,209,-40,-129,40
-257,40,193,-40,209,-40,-129,40
-257,40,193,-40,97,-40,-97,40,257,-129,40
-257,40,177,-40,209,-40,-129,40
-257,40,193,-40,209,-40,-129,40
-257,40,193,-40,209,-40,-129,40
-257,40,193,-40,209,-40,-129,40
97,-97,40,-257,40,177,-40,209,-40,-129,40
-257,40,193,-40,209,-40,-129,40
-257,40,193,-40,209,-40,-129,40
-257,40,193,-40,209,-40,-129,40
-257,40,193,-40,209,-40,-129,40
-257,40,193,-40,209,-40,-129,40
-257,40,193,-40,97,-40,-97,40,209,-129,40
-257,40,193,-40,97,-40,-97,40,209,-129,40
-257,40,193,-40,209,-40,-129,40
-257,40,193,-40,209,-40,-129,40
-257,40,40,193,-40
-257,40,193,-40,209,-40,-129,40
-257,40,193,-40,209,-40,-129,40
-257,40,193,-40,209,-40,-129,40
-257,40,193,-40,209,-40,-129,40
-257,40,193,-40,209,-40,-129,40,209,-129,40
-257,40,193,-40,209,-40,-129,40,209,-129,40
-257,40,193,-40,209,-40,-129,40
-257,40,193,-40,209,-40,-129,40
-257,40,193,-40
-257,40,193,-40,209,-40,-129,40
-257,40,193,-40,209,-40,-129,40
-257,40,177,-40,209,-40,-129,40
-257,40,193,-40,209,-40,-129,40
-257,40,177,-40,209,-40,-129,40,209,-129,40
-257,40,193,-40,209,-40,-129,40
-257,40,193,-40,209,-40,-129,40
-257,40,177,-40,209,-40,-129,40
-257,40,193,-40
-257,40,177,-40
-257,40,193,209,-40,-129,40,209,-129,40
209,-129,40,-257,40,193,-40,209,-40,-129,40
-257,40,193,-40,209,-40,-129,40
-257,40,193,-40,209,-40,-129,40
209,-129,40,-257,40,193,-40,209,-40,-129,40
-257,40,177,-40,209,-40,-129,40
-257,40,193,-40,209,-40,-129,40
-257,40,193,-40,209,-40,-129,40
-257,40,193,-40,209,-40,-129,40
-257,40,193,-40,209,-40,-129,40
-257,209,-40,40,-129,193,-40,209,-40,-129,40
-257,40,193,-40,209,-40,-129,40
-257,40,193,-40,209,-40,-129,40
-257,40,193,-40,97,-40,-97,40,209,-129,40
-257,40,177,-40,209,-40,-129,40
-257,40,193,-40,209,-40,-129,40
-257,40,177,-40,209,-40,-129,40
-257,40,193,-40,257,-40,-129,40
209,-129,40,-257,40,177,-40,209,-40,-129,40
-257,40,193,-40,209,-40,-129,40
-257,40,193,-40,209,-40,-129,40
-257,40,193,-40,209,-40,-129,40
-257,40,193,-40,257,-40,-129,40
-257,40,193,-40,209,-40,-129,40
209,-129,40,-257,40,193,-40,209,-40,-129,40
-257,40,193,-40,97,-40,-97,40,209,-129,40
-257,40,193,-40
-257,40,193,-40,209,-40,-129,40
-257,40,193,-40,209,-40,-129,40
-257,40,177,-40,209,-40,-129,40
-257,40,193,-40,209,-40,-129,40
-257,40,193,-40
-257,40,193,-40,209,-40,-129,40
-257,40,193,-40,209,-40,-129,40
-257,40,193,-40,209,-40,-129,40
-257,40,193,-40,209,-40,-129,40
-257,40,193,-40,209,-40,-129,40
-257,40,193,-40
-257,40,193,-40,209,-40,-129,40
-257,40,97,-97,40,193,-40
-257,40,193,-40,209,-40,-129,40
-257,40,193,-40,209,-40,-129,40
-257,40,177,-40
-257,40,193,-40,209,-40,-129,40
-257,40,193,-40,209,-40,-129,40
-257,40,97,193,-40,-40,-97,40,209,-129,40
-257,40,193,-40,209,-40,-129,40
-257,40,193,-40,209,-40,-129,40
-257,40,193,-40,209,-40,-129,40
-257,40,177,-40,209,-40,-129,40
-257,40,193,-40,209,-40,-129,40
-257,193,-40,209,-40,-129,40
-257,40,193,-40
-257,40,193,-40,209,-40,-129,40
-257,40,193,-40
-257,40,193,-40,97,-40,-97,40,209,-129,40
-257,40,193,-40,209,-40,-129,40
-257,40,193,-40
-257,40,193,-40,209,-40,-129,40
-257,40,193,-40,209,-40,-129,40
-257,40,193,-40,209,-40,-129,40
-257,40,193,-40,209,-40,-129,40
-257,40,193,-40,209,-40,-129,40
209,-129,40,-257,40,193,-40,209,-40,-129,40
209,-129,40,-257,40,193,-40
-257,40,193,-40,209,-40,-129,40
-257,40,193,-40
-257,40,193,-40,209,-40,-129,40
-257,40,177,-40,209,-40,-129,40
-257,40,193,-40,209,-40,-129,40
-257,40,193,-40,209,-40,-129,40
209,-129,40,-257,40,193,-40,209,-40,-129,40
-257,40,193,-40,209,-40,-129,40
-257,40,193,-40,209,-40,-129,40
-257,177,-40,209,-40,-129,40
-257,40,193,-40,209,-40,-129,40
-257,40,97,-97,193,-40,209,-40,-129,40
-257,40,193,-40,209,-40,-129,40
-257,40,177,-40,161,-40,-433,40,209,-40,-129,40
-257,40,193,-40
-257,40,177,-40,209,-40,-129,40
-257,40,193,-40,209,-40,-129,40
-257,40,193,-40,209,-40,-129,40
161,-433,40,-257,40,193,-40,209,-40,-129,40
209,-129,40,-257,40,193,-40,209,-40,-129,40
-257,40,193,-40,209,-40,-129,40
-257,40,177,-40,209,-40,-129,40
-257,40,193,-40,209,-40,-129,40
-257,40,193,-40,257,-40,-129,40
-257,40,193,-40,209,-40,-129,40
-257,40,193,-40,209,-40,-129,40
-257,40,193,-40,209,-40,-129,40
-257,40,193,-40,209,-40,-129,40
-257,40,177,-40,209,-40,-129,40
-257,40,193,-40
-257,40,193,-40
-257,40,193,-40,209,-40,-129,40
-257,40,193,-40,209,-40,-129,40
-257,40,193,-40,209,-40,-129,40
-257,40,193,209,-40,-129,40,209,-129,40
-257,40,193,-40,209,-40,-129,40
-257,40,193,-40
-257,40,193,-40,209,-40,-129,40
-257,40,193,-40,257,-40,-129,40
-257,40,193,-40,209,-40,-129,40
-257,40,177,-40,209,-40,-129,40
-257,40,193,-40,257,-40,-129,40
-257,40,193,-40,209,-40,-129,40
-257,40,193,-40,209,-40,-129,40
-257,40,193,-40,209,-40,-129,40
-257,40,193,-40
-257,40,193,-40,209,-40,-129,40,209,-129,40
-257,40,193,-40,209,-40,-129,40
-257,40,193,-40,209,-40,-129,40
-257,40,177,-40,209,-40,-129,40
-257,40,-474,193,-40,193,305,-40,-40,-129,40,193,-40
-257,40,-474,40,193,-40,193,-40,193,209,-40,-40,-129,40
-257,40,-474,40,193,-40,193,-40,257,-40,-129,40,193,-40,209,-40,-129,40
-257,40,-474,40,177,-40,177,-40,209,-40,-129,40,193,-40,209,-40,-129,40
-257,40,-474,193,-40,193,-40,209,-40,-129,193,-40
-257,40,-474,193,-40,193,-40,193,209,-40,-40,-129,40
-257,40,-474,193,-40,177,-40,193,-40,209,-40,-129,40
-257,40,-474,40,193,-40,193,-40,193,-40,209,-40,-129,40
-257,40,-474,40,193,209,-40,-129,40,193,-40,193,-40,209,-40,-129,40
-257,40,-474,40,193,-40,177,-40,193,-40,209,-40,-129,40
-257,40,-474,193,-40,193,-40,177,209,-40,-40,-129,40
-257,40,193,-40,305,-40,-129,40
-257,40,193,-40,209,-40,-129,40
209,-129,40,-257,40,193,-40,209,-40,-129,40
-257,40,193,-40,209,-40,-129,40
-257,40,177,-40,209,-40,-129,40
-257,40,193,-40,209,-40,-129,40
-257,40,193,-40,209,-40,-129,40
-257,40,193,-40,209,-40,-129,40
-257,40,193,-40,209,-40,-129,40
-257,40,193,-40,209,-40,-129,40
209,-129,40,-257,40,40,193,-40,209,-40,-129,40
-257,40,193,-40,209,-40,-129,40
-257,40,193,-40
-257,40,193,-40,209,-40,-129,40
-257,40,193,-40
-257,40,193,-40,209,-40,-129,40
-257,40,193,-40,209,-40,-129,40
-257,40,193,-40
-257,40,193,-40,209,-40,-129,40
-257,40,193,-40,209,-40,-129,40
209,-129,40,-257,40,193,-40,209,-40,-129,40
-257,40,193,-40,209,-40,-129,40
-257,40,193,-40,209,-40,-129,40
-257,40,193,-40,209,-40,-129,40
-257,209,-40,40,-129,193,-40,209,-40,-129,40
-257,40,177,-40
-257,40,193,-40
-257,40,193,-40
-257,40,177,-40,97,-40,-97,40,209,-129,40
-257,40,193,-40,209,-40,-129,40
-257,40,193,-40,209,-40,-129,40
-257,40,193,-40,209,-40,-129,40
-257,40,193,-40,209,-40,-129,40,209,-129,40
-257,40,193,-40,209,-40,-129,40
-257,40,193,-40,209,-40,-129,40
-257,40,193,-40,209,-40,-129,40
-257,40,193,-257,40,-40,209,-40,-129,40
-257,40,209,-129,193,-40
-257,40,193,-40,209,-40,-129,40
-257,40,193,-40
-257,40,193,-40
-257,40,193,-40,209,-40,-129,40
-257,40,193,-40,209,-40,-129,40
-257,40,193,-40,209,-40,-129,40
-257,40,-474,40,193,-40,305,-40,-129,40,193,-40,177,-40,209,-40,-129,40
-257,209,-40,40,-563,40,193,-40,193,-40,257,-40,-129,40,193,-40,209,-40,-129,40
-257,209,-474,40,-129,40,193,-40,193,-40,257,-40,-129,40,193,-40
209,-129,40,-257,209,40,-563,40,193,-40,193,-40,209,-40,-129,40,193,-40,209,-40,-129,40
-257,40,-474,40,193,-40,193,-40,209,-40,-129,40,193,-40,209,-40,-129,40
-257,40,-474,40,193,-40,193,-40,193,-40,209,-40,-129,40
-257,40,-474,40,177,-40,209,-40,-129,40,193,-40,193,-40
209,-129,40,-257,40,-474,40,193,-40,193,-40,193,-40,209,-40,-129,40
97,-97,40,-257,40,-474,40,177,-40,209,-40,-129,193,-40,193,-40,209,-40,-129,40
-257,40,-474,193,-40,193,209,-40,-40,-129,40,193,-40,209,-40,-129,40
-257,40,-474,40,193,-40,193,257,-40,-40,-129,40,193,-40,209,-40,-129,40
-257,40,193,-40,305,-40,-129,40
-257,40,193,-40,209,-40,-129,40
-257,209,-129,193,-40,209,-40,-129,40
-257,40,193,-40,97,-40,-97,40,209,-129,40
-257,40,177,-40
-257,40,193,-40,97,-40,-97,40,209,-129,40
-257,40,193,-40
-257,40,177,-40,209,-40,-129,40
-257,40,193,-40,209,-40,-129,40
-257,40,193,-40,209,-40,-129,40
-257,40,193,-40,209,-40,-129,40
-257,40,193,-40,209,-40,-129,40
-257,40,193,-40,209,-40,-129,40
-257,40,193,-40,209,-40,-129,40
-257,40,161,-433,40,193,-40,209,-40,-129,40
-257,40,193,-40,209,-40,-129,40
-257,40,193,-40,209,-40,-129,40
-257,40,193,-40,209,-40,-129,40
-257,40,193,-40,209,-40,-129,40
-257,40,193,-40,209,-40,-129,40
-257,40,193,-40,209,-40,-129,40
-257,40,193,-40,209,-40,-129,40,209,-129,40
-257,193,-40,209,-40,-129,40
-257,40,193,-40,209,-40,-129,40
-257,40,193,-40,257,-40,-129,40
-257,40,193,-40,209,-40,-129,40
209,-129,40,-257,40,177,-40,209,-40,-129,40
-257,40,193,-40,209,-40,-129,40
-257,40,193,-40,209,-40,-129,40
-257,40,193,-40,337,-40,-129,40,209,-129,40
-257,40,193,-40
-257,40,193,-40,209,-40,-129,40
-257,40,193,-40
209,-129,40,-257,40,193,-40,209,-40,-129,40
-257,40,193,-40,209,-40,-129,40
-257,40,193,-40,209,-40,-129,40
-257,40,193,-40
209,-129,40,-257,40,193,-40,209,-40,-129,40,209,-129,40
-257,40,193,-40,209,-40,-129,40
-257,40,193,-40,209,-40,-129,40
-257,40,193,-40
-257,-257,40,193,-40,209,-40,-129,40
-257,40,193,-40,209,-40,-129,40
-257,40,193,-40,209,-40,-129,40
-257,40,193,-40,209,-40,-129,40
-257,40,193,-40,209,-40,-129,40
-257,40,193,-40,209,-40,-129,40
-257,40,177,-40
209,-129,40,-257,40,193,-40,209,-40,-129,40
-257,40,193,-40,209,-40,-129,40
-257,40,177,-40,209,-40,-129,40
-257,40,177,-40,209,-40,-129,40
-257,40,193,-40,209,-40,-129,40
-257,40,193,-40,209,-40,-129,40
-257,40,193,-40,257,-40,-129,40
-257,40,193,-40,209,-40,-129,40
-257,40,193,-40,209,-40,-129,40
-257,40,193,-40
-257,209,40,-129,40,193,-40,209,-40,-129,40
-257,40,193,-40,209,-40,-129,40
-257,-257,40,40,193,-40,209,-40,-129,40
-257,40,193,-40,209,-40,-129,40
-257,40,193,-40,209,-40,-129,40
-257,40,193,-40,209,-40,-129,40
-257,40,193,-40
-257,40,193,-40,209,-40,-129,40
-257,40,-474,40,177,-40,305,-40,-129,40,193,-40,193,-40
-257,-257,40,-474,40,193,-40,209,-40,-129,40,193,-40,177,-40,209,-40,-129,40
209,-129,40,-257,40,-474,40,193,-40,193,-40,193,209,-40,-40,-129,40,257,-129,40
209,-129,40,-691,40,193,-40,193,-40,209,-40,-129,40,193,-40,209,-40,-129,40
-257,40,-474,40,97,-97,193,-40,193,-40,209,-40,-129,40,193,-40,257,-40,-129,40
-257,40,-474,40,193,-40,209,-40,-129,193,-40,193,-40,209,-40,-129,40
-257,40,-474,193,-40,209,-40,-129,40,193,-40,193,-40
-257,40,-474,40,193,-40,193,209,-40,-40,-129,40,193,-40,209,-40,-129,40
-257,40,-474,40,193,-40,209,-40,-129,40,193,-40,193,-40,209,-40,-129,40
97,-97,40,-257,40,-474,40,193,-40,193,-40,209,-40,-129,40,193,-40,209,-40,-129,40
97,-97,40,-257,40,-474,40,193,-40,193,-40,193,-40,209,-40,-129,40
-257,40,193,-40,305,-40,-129,40
-257,40,193,-40,257,-40,-129,40
-257,40,193,-40,257,-40,-129,40
-257,40,193,-40
-257,40,193,-40,209,-40,-129,40
-257,40,193,-40,209,-40,-129,40
-257,40,193,-40,209,-40,-129,40
-257,40,193,-40,209,-40,-129,40
209,97,-129,40,-97,40,-257,40,193,-40,209,-40,-129,40
-257,40,193,-40,209,-40,-129,40
-257,40,193,-40,209,-40,-129,40
-257,40,193,-40,209,-40,-129,40
-257,40,177,-40,209,-40,-129,40
-257,40,193,-40
-257,40,97,-97,177,-40
-257,40,177,-40,209,-40,-129,40,209,-129,40
-257,40,193,-40,209,-40,-129,40
97,-97,40,-257,40,193,-40,209,-40,-129,40
209,-129,40,-257,40,193,-40,209,-40,-129,40
-257,40,193,-40
-257,40,193,-40
-257,40,193,-40,209,-40,-129,40
-257,40,193,-40,209,-40,-129,40
-257,40,193,-40,209,-40,-129,40
-257,40,193,-40,209,-40,-129,40
-257,40,193,-40,209,-40,-129,40
-257,40,193,-40,257,-40,-129,40
-257,40,177,-40,209,-40,-129,40
-257,40,177,-40,209,-40,-129,40
-257,40,193,-40,209,-40,-129,40
-257,40,193,-40,209,-40,-129,40
-257,40,193,-40,209,-40,-129,40
-257,40,177,-40,209,-40,-129,40
209,-129,40,-257,40,193,-40
-257,40,193,-40,257,-40,-129,40
-257,40,193,-40,209,-40,-129,40
-257,40,193,-40,209,-40,-129,40
-257,40,193,-40,209,-40,-129,40
-257,40,193,-40,209,-40,-129,40
209,-129,40,-257,40,193,-40,209,-40,-129,40
209,-129,40,-129,40,-257,40,193,-40,209,-40,-129,40
-257,40,193,-40,209,-40,-129,40
-257,40,177,-40,209,-40,-129,40
-257,40,193,-40
-257,40,193,-40,209,-40,-129,40
-257,40,193,-40,209,-40,-129,40
-257,40,193,-40,209,-40,-129,40
209,-129,40,-257,40,193,-40
-257,40,193,-40,209,-40,-129,40
-257,40,193,-40,209,-40,-129,40
-257,40,193,-40,209,-40,-129,40
-257,40,177,-40,209,-40,-129,40
-257,40,193,-40
-257,40,-474,40,193,-40,177,-40,193,-40,305,-40,-129,40
257,-129,40,-257,40,-474,177,209,-40,-129,40,193,-40,193,-40,209,-40,-129,40
-257,40,-474,193,-40,193,-40,193,-40,209,-40,-129,40
-257,40,-474,193,-40,193,-40,193,209,-40,-40,-129,40,209,-129,40
-257,40,-474,40,193,-40,209,-40,-129,40,193,-40,193,-40,209,-40,-129,40,209,-129,40
-257,40,-474,40,193,-40,193,209,-40,-40,-129,40,193,-40,209,-40,-129,40
-257,40,-474,40,193,-40,209,-40,-129,193,-40,193,-40,209,-40,-129,40
-257,40,-474,193,-40,257,-40,-129,193,-40,193,-40,209,-40,-129,40
-257,40,-474,193,-40,193,-40,209,-40,-129,193,-40,209,-40,-129,40
-257,40,-474,193,-40,257,-40,-129,40,193,-40,193,-40,209,-40,-129,40
-257,40,-474,40,193,-40,209,-40,-129,40,193,-40,193,-40,209,-40,-129,40
-257,40,193,-40
-257,209,40,-129,40,193,-40,209,-40,-129,40
-257,40,193,-40,209,-40,-129,40
-257,40,193,-40,209,-40,-129,40
-257,40,193,-40,209,-40,-129,40
209,-129,40,-257,40,193,-40
-257,40,209,-129,40,193,-40,209,-40,-129,40
-257,40,193,-40
-257,40,193,-40,209,-40,-129,40
-257,193,-40,209,-40,-129,40
-257,40,193,-40
-257,40,40,193,-40
-257,40,193,-40,257,-40,-129,40
-257,40,193,-40,209,-40,-129,40
-257,40,193,-40,209,-40,-129,40
-257,40,97,-97,40,193,-40
-257,40,193,-40,257,-40,-129,40
209,-129,40,-257,193,-40,209,-40,-129,40
209,-129,40,-257,40,193,-40
-257,40,193,-40,209,-40,-129,40
-257,40,193,-40,209,-40,-129,40
-257,40,193,-40,209,-40,-129,40
97,-97,40,-257,40,177,-40
-257,40,177,-40,209,-40,-129,40
-257,40,193,-40,209,-40,-129,40
-257,97,-40,40,-97,193,-40,209,-40,-129,40
209,-40,-129,40,-257,40,193,-40,209
-257,40,177,-40
-257,40,177,-40,209,-40,-129,40
-257,40,193,-40,209,-40,-129,40
-257,40,193,-40,209,-40,-129,40
-257,209,-129,193,-40,209,-40,-129,40
-257,40,177,-40,209,-40,-129,40
-257,40,193,-40
97,-97,40,-257,40,193,-40,257,-40,-129,40
-257,97,193,-40,209,-40,97,193,209,-40,-97,-40,-40,40,-129,40
-257,40,193,-40,209,-40,-129,40
