-161,129,-161,129,-40,-161,40,129,-40,-161,257,177,-40,129,-40,-129,-40,40,-481,193,129,-40,-129,-40,40,-145,161,-40,-129,40
-161,129,-40,-161,257,177,129,-40,-40,-129,-40,40,-481,193,129,-40,-129,-40,40,-145,40,161,-40,-129,40
-209,161,129,-129,-40,40
-209,161,129,-129,-40,40
-209,161,129,-129,-40,40,-129,40
-209,161,129,-40,-129,-40,40
-209,161,129,-40,-40,-129,40
-209,161,129,-40,-129,-40,40
97,-40,-97,40,-209,161,129,-129,-40,40
-209,40,161,129,-40,-40,-129,40
-209,161,129,-40,-40,-129,40
-209,161,129,-129,-40,40
-209,161,129,-129,-40,40
-209,161,129,-129,-40,40
-209,161,129,-129,-40,40
-209,161,-129,129,40,-40
-209,161,129,-129,40,-40
-209,161,129,-129,40,-40
-209,40,161,129,-129,-40,40
-209,161,129,-129,-40,40
-209,161,129,-40,-129,-40,40,-209,40,161,129,-40,-40,-129,40
-209,241,177,129,-40,-129,40,-481,193,129,-129,-40,40,-145,161,-40,-129,40
-209,241,177,129,-40,-129,-40,40,-481,193,-40,-129,129,-40,40,-145,161,-40,-129,40
-209,241,177,-40,129,-40,-129,-40,40,-481,193,129,-40,-40,-129,40,-145,161,-129,40
-209,241,177,129,-40,-129,-40,40,-481,193,129,-40,-40,-129,40,-145,161,-129,40
-209,241,177,129,-40,-129,-40,40,-481,193,129,-40,-129,-40,40,-145,161,-40,-129,40
-209,40,241,177,129,-40,-129,40,-481,193,129,-129,-40,40,-145,161,-40,-129,40
-209,241,177,129,-40,-129,-40,40,-481,193,129,-40,-129,-40,40,-145,161,-40,-129,40
-209,241,177,129,-40,-129,40,-481,193,129,-129,-40,40,-145,161,-40,-129,40
-209,40,241,177,129,-40,-129,-40,40,-481,193,129,-40,-40,-129,40,-145,161,-129,40
-209,241,177,129,-40,-129,40,-40,-481,193,129,-40,-40,-129,40,-145,161,-129,40
-209,241,177,129,-40,-129,-40,40,-481,40,193,129,-40,-40,-129,40,-145,161,-129,40
-209,241,177,129,-40,-129,40,-481,40,193,129,-129,-40,40,-145,161,-40,-129,40
-209,161,-129,129,-40,40
-209,40,161,-129,129,-40,40
-209,161,129,-40,-129,-40,40,-161,129,-40
-209,40,161,129,-129,-40,40
-209,161,-40,-129,129,-40,40
-209,161,-40,-129,129,-40,40
-209,161,129,-40,-40,-129,40
-209,161,129,-40,-129,40,-40
-209,161,-40,-129,129,-40,40
-209,40,161,-129,129,-40,40
-209,40,241,177,129,-40,-129,-40,40,-481,193,129,-40,-129,-40,40,-145,161,-40,-129,40
-209,241,177,129,-40,-40,-129,40,-481,193,-129,129,-40,40,-145,161,-40,-129,40
-209,241,177,129,-40,-129,40,-481,193,129,-129,-40,40,-145,161,-40,-129,40
-209,241,177,129,-40,-129,-40,40,-481,193,129,-40,-129,-40,40,-145,161,-40,-129,40
-209,241,177,129,-40,-129,40,-481,193,129,-129,-40,40,-145,161,-40,-129,40
-209,241,177,129,-40,-129,-40,40,-481,193,129,-40,-129,-40,40,-145,161,-40,-129,40
-209,40,241,177,129,-40,-129,-40,40,-481,193,-40,-129,129,-40,40,-145,161,-40,-129,40
-209,241,177,-40,-40,-129,129,40,-465,193,129,-129,-40,40,-145,161,-40,-129,40
-209,241,177,129,-40,-40,-40,-129,40,-465,193,129,-40,-129,40,-145,161,-129,40
-209,241,177,129,-40,-40,-40,-129,40,-481,40,193,129,-129,40,-145,161,-129,40
-209,241,-40,177,129,-40,-129,-40,40,-481,193,-40,-129,129,40,-40,-145,40,161,-40,-129,40
97,-40,-97,40,-209,40,257,177,129,-40,-129,40,-40,-481,193,129,-129,-40,40,-145,161,-40,-129,40
-209,161,129,-129,40,-40
-209,161,129,-129,-40,40
-209,161,129,-40,-129,-40,40
-209,161,129,-40,-129,-40,40
-209,40,161,129,-40,-129,-40,40
-209,161,129,-40,-129,40,-40
-209,161,129,-40,-40,-129,40
-209,161,129,-40,-129,40,-40
-209,40,161,129,-129,-40,40
-209,161,129,-40,-129,40
-209,241,177,-40,-129,129,-40,40,-481,40,193,129,-40,-129,-40,40,-145,161,-40,-129,40
-209,40,241,177,129,-40,-129,-40,40,-481,193,129,-40,-129,-40,40,-145,161,-40,-129,40
-209,241,177,129,-40,-129,40,-40,-481,193,-40,-129,129,40,-40,-145,40,161,-40,-129,40
-209,241,177,129,-40,-129,-40,40,-481,40,193,129,-40,-40,-129,40,-145,161,-40,-129,40
-209,241,177,129,-40,-129,-40,40,-481,193,129,-40,-129,40,-40,-145,40,161,-40,-129,40
-209,241,177,129,-40,-129,-40,40,-481,193,129,-40,-129,-40,40,-145,40,161,-40,-129,40
-209,40,241,177,129,-40,-129,-40,40,-481,193,129,-40,-129,-40,40,-145,161,-40,-129,40
-209,241,177,129,-40,-129,40,-40,-481,193,-129,129,-40,40,-145,161,-40,-129,40
-209,241,177,129,-40,-40,-40,-129,40,-481,193,129,-40,-129,-40,40,-145,161,-40,-129,40
-209,241,177,129,-40,-40,-129,40,-40,-481,193,129,-40,-40,-129,40,-145,161,-129,40
-209,241,177,-40,129,-129,-40,40,-481,193,129,-40,-129,-40,40,-145,161,-40,-129,40
-209,241,177,129,-40,-129,-40,40,-481,193,129,-40,-40,-129,40,-145,161,-129,40
-209,161,129,-129,-40,40
-209,161,129,-129,40,-40
-209,161,129,-129,40
-209,161,129,-129,-40,40
-209,161,129,-40,-129,40
-209,161,129,-40,-129,40,-40
-209,40,161,129,-40,-129,40,-40
-209,161,129,-40,-129,-40,40
-209,40,161,129,-40,-40,-129,40
-209,161,129,-40,-129,-40,40
-209,241,177,129,-40,-129,40,-481,40,193,129,-129,-40,40,-145,161,-40,-129,40
-209,40,241,177,129,-40,-129,-40,40,-481,193,129,-40,-129,-40,40,-145,161,-40,-129,40
-209,241,177,129,-40,-129,40,-40,-481,193,129,-40,-129,-40,40,-145,161,-40,-129,40
-209,241,177,-40,-129,129,-40,40,-481,40,193,129,-40,-129,-40,40,-145,161,-40,-129,40
-209,241,177,129,-40,-40,-129,-40,40,-481,40,193,129,-40,-40,-129,40,-145,161,-129,40
-209,241,177,-40,-40,-129,129,-40,40,-481,193,129,-40,-129,40,-145,40,161,-129,40
-209,241,177,129,-40,-129,-40,40,-481,193,129,-40,-129,40,-40,-145,40,161,-129,40
-209,241,177,-40,129,-40,-129,-40,40,-481,193,129,-40,-129,-40,40,-129,161,40,-145,40,-129,40
-209,40,241,177,-40,129,-40,-129,-40,40,-481,193,129,-40,-129,-40,40,-145,161,-40,-129,40
-209,40,241,177,-40,129,-40,-129,-40,40,-481,193,129,-40,-129,-40,40,-145,161,-40,-129,40
97,-40,-97,40,-209,241,177,129,-40,-129,40,-481,193,-129,129,-40,40,-145,161,-40,-129,40
-209,241,177,129,-40,-129,-40,40,-481,40,193,129,-40,-129,-40,40,-145,161,-40,-129,40
-209,161,129,-129,-40,40
-209,40,161,-40,-129,129,-40,40
-209,161,129,-40,-129,-40,40
-209,161,129,-40,-129,-40,40
-209,161,129,-40,-40,-129,40
-209,161,-129,129,-40,40
-209,161,129,-40,-129,-40,40
-209,161,129,-129,-40,40
-209,161,129,-129,-40,40
-209,161,129,-40,-129,40
-209,241,177,129,-40,-40,-40,-129,40,-481,193,129,-129,-40,40,-145,161,-40,-129,40
-209,241,177,129,-40,-129,-40,40,-481,193,-40,-129,129,-40,40,-145,161,-40,-129,40
-209,241,177,-40,-129,129,-40,40,-481,193,129,-40,-40,-129,40,-145,161,-129,40
-209,241,177,129,-40,-129,-40,40,-481,193,-40,-129,129,-40,40,-145,161,-40,-129,40
-209,241,177,129,-40,-129,40,-40,-481,193,129,-40,-129,-40,40,-145,161,-40,-129,40
-209,241,177,129,-40,-129,40,-481,193,129,-129,-40,40,-145,161,-40,-129,40
-209,241,177,129,-40,-129,40,-481,193,129,-129,40,-145,161,-129,40
-209,241,-40,-481,177,129,-40,-40,193,129,-129,-40,40,-234,161,-40,-129,40
-209,241,177,-40,-40,-129,129,-40,40,-481,193,129,-40,-129,-40,40,-145,161,-40,-129,40
-209,241,177,129,-40,-129,-40,40,-481,193,-40,129,-129,-40,40,-145,161,-40,-129,40
-209,241,177,129,-40,-129,-40,40,-481,193,129,-40,-129,-40,40,-145,161,-40,-129,40
-209,241,177,129,-40,-129,-40,40,-481,193,129,-40,-129,-40,40,-145,161,-40,-129,40
-209,161,129,-129,-40,40
-209,161,129,-129,40,-40
-209,161,129,-129,-40,40
-209,161,129,-129,-40,40
-209,161,-129,129,-40,40
-209,161,129,-129,-40,40
-209,161,129,-40,-129,40
-209,161,-129,129,-40,40
-209,161,129,-129,-40,40
-209,40,161,129,-129,-40,40
-209,241,177,129,-40,-129,40,-481,40,193,129,-129,-40,40,-145,161,-40,-129,40
-209,241,177,129,-40,-129,40,-481,40,193,129,-129,-40,40,-145,161,-40,-129,40
-209,241,177,129,-40,-129,-40,40,-481,193,129,-40,-129,40,-40,-145,40,161,-129,40,-129,40
-209,241,177,129,-40,-129,-40,40,-481,193,129,-40,-129,-40,40,-145,40,161,-40,-129,40
-209,241,177,129,-40,-129,40,-481,40,193,129,-129,-40,40,-145,161,-40,-129,40
-209,241,177,129,-40,-129,40,-481,193,129,-129,40,-145,40,161,-129,40
-209,241,177,129,-40,-129,40,-481,193,129,-129,-40,40,-145,40,161,-40,-129,40
-209,241,177,129,-40,-129,40,-481,193,129,-129,-40,40,-145,161,-40,-129,40
-209,241,177,129,-40,-129,40,-481,193,129,-40,-129,40,-145,161,-129,40
-209,241,177,129,-40,-129,40,-481,193,129,-129,-40,40,-145,161,-40,-129,40
-209,241,177,-40,-129,129,-40,40,-481,193,129,-40,-129,-40,40,-145,161,-40,-129,40
-209,40,257,177,129,-40,-129,40,-40,-481,193,129,-40,-129,-40,40,-145,161,-40,-129,40
-209,40,161,129,-40,-129,40
-209,161,-129,129,-40,40
561,-465,40,385,353,-129,-40,40,-129,40,-209,161,-40,-129,129,-40,40
-209,161,129,-129,-40,40
-209,161,129,-129,-40,40
-209,161,129,-129,-40,40
-209,40,161,129,-129,-40,40
-209,161,-129,129,-40,40
-209,161,129,-129,-40,40
-209,161,129,-129,-40,40
-161,257,177,129,-40,-129,-40,40,-481,193,129,-40,-129,-40,40,-145,161,-40,-129,40
-161,129,-40,-161,257,177,129,-40,-40,-40,-129,40,-481,193,129,-129,-40,40,-266,129,-40,161,-40,-129,40
-209,161,129,-40,-40,-129,40
-209,161,129,-40,-129,-40,40
-209,40,161,129,-40,-129,-40,40
-209,161,129,-129,-40,40
-209,161,129,-129,40,-40
-209,161,129,-129,-40,40
-209,161,129,-40,-129,40,-40
-209,161,129,-129,-40,40
-209,161,129,-129,-40,40
-209,161,-129,129,-40,40
-209,161,129,-40,-129,40
-209,161,129,-40,-40,-129,40
-209,257,177,129,-40,-40,-129,-40,40,-481,193,129,-40,-129,-40,40,161,-40,-129,40,-145,40
-209,241,177,129,-40,-129,40,-40,-465,193,129,-40,-129,-40,40,-145,40,161,-40,-129,40
-209,241,177,129,-40,-129,40,-481,193,129,-129,-40,40,-145,161,-40,-129,40
-209,241,177,129,-129,40,-465,193,129,-129,-40,40,-145,161,-40,-129,40
-209,241,177,-40,-129,129,40,-481,193,129,-129,-40,40,-145,161,-40,-129,40
-209,241,177,129,-40,-129,-40,40,-481,193,129,-40,-129,-40,40,-145,161,-40,-129,40
-209,241,177,129,-40,-129,-40,40,-481,193,-40,-129,129,-40,40,-145,161,-40,-129,40
-209,241,177,-40,-129,129,40,-40,-481,193,-40,-129,129,-40,40,-145,161,-40,-129,40
-209,40,241,177,129,-40,-129,40,-40,-481,193,-40,-129,129,-40,40,-145,161,-40,-129,40
-209,241,177,129,-40,-40,-40,-129,40,-481,193,129,-129,-40,40,-145,161,-40,-129,40
-209,241,177,129,-40,-40,-129,40,-481,40,193,129,-129,-40,40,-145,161,-40,-129,40
-209,40,241,177,129,-40,-129,40,-481,193,129,-129,-40,40,-145,161,-40,-129,40
-209,40,161,129,-129,-40,40
-209,161,129,-129,-40,40
-209,161,129,-129,-40,40
-209,161,129,-129,40,-40
-209,161,129,-40,-129,40
-209,161,129,-129,-40,40
-209,161,129,-129,-40,40
-209,161,129,-129,-40,40
-209,161,129,-40,-40,-129,40
-209,40,161,129,-40,-129,-40,40
-209,257,177,-40,129,-40,-129,-40,40,-481,40,193,129,-40,-129,-40,40,-145,161,-40,-129,40
-209,40,241,177,-40,-40,-129,129,-40,40,-481,193,-40,-129,129,-40,40,-145,161,-40,-129,40,193,-40,-337,40
-209,241,177,129,-40,-129,-40,40,-481,193,-40,-129,129,-40,40,-145,161,-40,-129,40
-209,241,177,129,-40,-40,-40,-129,40,-481,193,129,-129,-40,40,-145,161,-40,-129,40
-209,241,177,129,-40,-129,-40,40,-481,193,129,-40,-129,-40,40,-145,161,-40,-129,40
-209,40,241,177,129,-40,-129,40,-481,193,-129,129,-40,40,-145,161,-40,-129,40
-209,40,241,177,129,-40,-40,-129,-40,40,-481,193,129,-40,-129,-40,40,-145,161,-40,-129,40
-209,241,177,129,-40,-129,40,-481,193,129,-40,-129,40,-145,161,-129,40
-209,241,177,129,-40,-129,40,-481,40,193,-129,129,-40,40,-145,161,-40,-129,40,561,-465,385,353,-40,-129,40,-129,40
-209,40,241,177,-40,-129,129,40,-481,193,129,-129,-40,40,161,-40,-129,40,-145,40
-209,241,177,129,-40,-129,40,-481,193,129,-129,-40,40,-145,161,-40,-129,40
-209,257,177,129,-40,-129,40,-40,-481,40,193,129,-40,-129,-40,40,-145,161,-40,-129,40
-209,161,129,-129,40
-209,161,129,-129,40,-40
-209,161,129,-129,-40,40
-209,161,129,-129,-40,40
-209,161,-129,129,-40,40
-209,40,161,129,-129,-40,40
-209,161,129,-129,40,-40
-209,161,129,-40,-129,-40,40
-209,161,129,-40,-129,-40,40
-209,161,129,-40,-129,-40,40
-209,241,177,129,-40,-40,-129,-40,40,-481,40,193,129,-40,-129,-40,40,-145,161,-40,-129,40
-209,40,241,177,129,-40,-40,-129,-40,40,-481,193,129,-40,-129,-40,40,-145,161,-40,-129,40
-209,241,-40,177,129,-40,-129,40,-465,193,129,-129,-40,40,-145,161,-40,-129,40
-209,241,-40,177,129,-40,-40,-129,40,-481,40,193,129,-129,-40,40,-145,161,-40,-129,40
-209,241,177,129,-40,-40,-129,-40,40,-481,193,129,-40,-129,40,-40,-145,40,161,-40,-129,40
-209,241,177,129,-40,-129,-40,40,-481,193,129,-40,-129,40,-40,-145,40,161,-40,-129,40
-209,241,177,129,-40,-129,-40,40,-481,193,129,-40,-129,-40,40,-145,40,161,-40,-129,40
-209,241,177,-40,-129,129,-40,40,-481,193,129,-40,-129,-40,40,-145,161,-40,-129,40
-209,241,177,129,-40,-129,-40,40,-481,193,129,-40,-129,-40,40,-145,161,-40,-129,40
-209,241,177,129,-40,-129,40,-481,193,129,-129,-40,40,-145,161,-40,-129,40
-209,241,177,129,-40,-40,-129,-40,40,-481,40,193,129,-40,-40,-129,40,-145,161,-129,40
97,-40,-97,40,-209,241,177,129,-40,-129,-40,40,-481,193,-40,-129,129,-40,40,-145,161,-40,-129,40
-209,161,129,-129,-40,40
-209,161,-129,129,-40,40
-209,40,161,129,-129,-40,40
-209,161,129,-40,-129,40
-209,161,129,-40,-129,40
-209,161,129,-129,-40,40
-209,161,129,-129,40,-40
257,289,161,-129,-40,40,-218,40,-209,161,-129,129,-40,40
-209,161,129,-129,-40,40
-209,161,129,-40,-129,-40,40
-209,257,177,129,-40,-129,-40,40,-481,40,193,129,-40,-129,-40,40,-145,161,-40,-129,40
-209,241,177,129,-40,-40,-40,-129,40,-481,193,129,-129,-40,40,-145,161,-40,-129,40
-209,241,177,129,-40,-129,40,-481,193,129,-129,-40,40,-145,161,-40,-129,40
-209,241,177,129,-40,-129,40,-465,193,129,-129,-40,40,-145,161,-40,-129,40
-209,241,177,-40,-129,129,40,-481,193,129,-129,-40,40,-145,40,161,-40,-129,40
-209,241,177,129,-40,-40,-129,40,-481,193,129,-129,-40,40,-145,161,-40,-129,40
-209,40,241,177,129,-40,-129,40,-481,40,193,129,-129,-40,40,-145,161,-40,-129,40
-209,241,177,129,-40,-129,-40,40,-481,193,129,-40,-129,40,-145,40,161,-129,40
-209,241,177,-40,-129,129,-40,40,-481,193,129,-40,-40,-129,40,-145,40,161,-129,40
-209,241,177,129,-40,-129,-40,40,-481,193,129,-40,-129,-40,40,-145,161,-40,-129,40
-209,241,177,129,-40,-129,-40,40,-481,193,129,-40,-129,-40,40,-145,161,-40,-129,40
-209,241,177,129,-40,-129,-40,40,-465,193,129,-40,-129,-40,40,-145,161,-40,-129,40
-209,241,177,129,-129,40,-465,193,129,-129,-40,40,-145,161,-40,-129,40
-209,241,177,129,-40,-129,40,-465,193,129,-129,-40,40,-145,161,-40,-129,40
-209,241,177,129,-40,-129,40,-481,193,-40,-129,129,40,-145,161,-40
-209,241,177,129,-40,-129,40,-481,193,129,-129,-40,40,-145,161,-40,-129,40
-209,241,177,129,-40,-129,40,-481,193,129,-129,-40,40,-145,161,-40,-129,40
-209,241,177,129,-40,-40,-129,-40,40,-602,193,129,129,-40,-129,-40,40,-145,161,-129,40
-209,241,177,-40,-129,129,40,-40,-481,193,129,-40,-40,-129,40,-145,161,-129,40
